respondent	guess
Aki	Saksa
Aki	Sveitsi
Aki	Unkari
Aki	Espanja
Aki	Italia
Aki	Kroatia
Aki	Ranska
Aki	Hollanti
Aki	Portugali
Aki	Ukraina
Aki	Belgia
Aki	Turkki
Aki	Englanti
Aki	Tanska
Aki	Slovenia
Aki	Puola
Anton	Belgia
Anton	Englanti
Anton	Espanja
Anton	Hollanti
Anton	Italia
Anton	Itävalta
Anton	Kroatia
Anton	Portugali
Anton	Ranska
Anton	Saksa
Anton	Serbia
Anton	Sveitsi
Anton	Tanska
Anton	Tšekki
Anton	Turkki
Anton	Ukraina
Atte	Sveitsi
Atte	Kroatia
Atte	Saksa
Atte	Slovenia
Atte	Englanti
Atte	Tšekki
Atte	Espanja
Atte	Ukraina
Atte	Itävalta
Atte	Slovakia
Atte	Portugali
Atte	Italia
Atte	Belgia
Atte	Skotlanti
Atte	Ranska
Atte	Turkki
Eetu	Saksa
Eetu	Sveitsi
Eetu	Espanja
Eetu	Italia
Eetu	Englanti
Eetu	Tanska
Eetu	Hollanti
Eetu	Ranska
Eetu	Belgia
Eetu	Ukraina
Eetu	Turkki
Eetu	Portugali
Eetu	Kroatia
Eetu	Serbia
Eetu	Skotlanti
Eetu	Slovakia
Elias	Belgia
Elias	Englanti
Elias	Espanja
Elias	Hollanti
Elias	Italia
Elias	Sveitsi
Elias	Kroatia
Elias	Saksa
Elias	Portugali
Elias	Ranska
Elias	Tanska
Elias	Ukraina
Elias	Unkari
Elias	Turkki
Elias	Serbia
Elias	Tšekki
Janne	Saksa
Janne	Sveitsi
Janne	Espanja
Janne	Kroatia
Janne	Tanska
Janne	Englanti
Janne	Ranska
Janne	Puola
Janne	Belgia
Janne	Ukraina
Janne	Portugali
Janne	Tšekki
Janne	Italia
Janne	Serbia
Janne	Hollanti
Janne	Unkari
Maria	Englanti
Maria	Belgia
Maria	Espanja
Maria	Hollanti
Maria	Italia
Maria	Kroatia
Maria	Portugali
Maria	Puola
Maria	Ranska
Maria	Saksa
Maria	Serbia
Maria	Skotlanti
Maria	Sveitsi
Maria	Tanska
Maria	Ukraina
Maria	Turkki
Miika	Belgia
Miika	Englanti
Miika	Espanja
Miika	Hollanti
Miika	Italia
Miika	Itävalta
Miika	Kroatia
Miika	Portugali
Miika	Puola
Miika	Ranska
Miika	Saksa
Miika	Sveitsi
Miika	Tanska
Miika	Tšekki
Miika	Ukraina
Miika	Turkki
Olli	Belgia
Olli	Englanti
Olli	Espanja
Olli	Hollanti
Olli	Italia
Olli	Portugali
Olli	Ranska
Olli	Saksa
Olli	Serbia
Olli	Sveitsi
Olli	Ukraina
Olli	Itävalta
Olli	Puola
Olli	Turkki
Olli	Unkari
Olli	Tanska
Ossi	Unkari
Ossi	Espanja
Ossi	Saksa
Ossi	Serbia
Ossi	Englanti
Ossi	Hollanti
Ossi	Italia
Ossi	Georgia
Ossi	Itävalta
Ossi	Belgia
Ossi	Portugali
Ossi	Slovenia
Ossi	Ranska
Ossi	Turkki
Ossi	Ukraina
Ossi	Sveitsi
Petteri	Saksa
Petteri	Sveitsi
Petteri	Espanja
Petteri	Kroatia
Petteri	Englanti
Petteri	Tanska
Petteri	Ranska
Petteri	Hollanti
Petteri	Belgia
Petteri	Ukraina
Petteri	Portugali
Petteri	Turkki
Petteri	Romania
Petteri	Georgia
Petteri	Serbia
Petteri	Unkari
Teemu	Belgia
Teemu	Espanja
Teemu	Englanti
Teemu	Hollanti
Teemu	Italia
Teemu	Kroatia
Teemu	Portugali
Teemu	Puola
Teemu	Ranska
Teemu	Saksa
Teemu	Ukraina
Teemu	Tanska
Teemu	Tšekki
Teemu	Sveitsi
Teemu	Serbia
Teemu	Turkki
Ville	Saksa
Ville	Sveitsi
Ville	Espanja
Ville	Italia
Ville	Tanska
Ville	Englanti
Ville	Ranska
Ville	Hollanti
Ville	Belgia
Ville	Romania
Ville	Portugali
Ville	Tšekki
Ville	Itävalta
Ville	Serbia
